{"cameraMode":{"drawMode":0,"name":"Shaded","section":"Shading Mode"},"sceneLighting":false,"audioPlay":false,"sceneViewState":{"m_AlwaysRefresh":false,"showFog":true,"showSkybox":false,"showFlares":true,"showImageEffects":true,"showParticleSystems":true,"showVisualEffectGraphs":true,"m_FxEnabled":true},"in2DMode":false,"pivot":{"x":-2.5399999618530275,"y":-0.7200000286102295,"z":1.9180893898010255},"rotation":{"x":0.12513867020606996,"y":0.6925042271614075,"z":-0.12386758625507355,"w":0.6996006965637207},"size":0.0433012992143631,"orthographic":true}